length,ascii_cpu_time,hangul_cpu_time,random_cpu_time,ascii_bytes_per_sec,hangul_bytes_per_sec,random_bytes_per_sec
64,16668.4,15911.6,15915,9.8294e+09,1.02969e+10,1.02947e+10
128,32030.6,30664.5,30636.4,1.02302e+10,1.0686e+10,1.06958e+10
256,66661.3,64304.4,64028.4,9.83119e+09,1.01915e+10,1.02355e+10
512,122959,122548,122319,1.06598e+10,1.06956e+10,1.07156e+10
1024,257778,255238,257512,1.01694e+10,1.02706e+10,1.01799e+10
2048,520587,493612,494147,1.00711e+10,1.06215e+10,1.061e+10
4096,1.03151e+06,1.03117e+06,1.02436e+06,1.01654e+10,1.01688e+10,1.02364e+10
8192,2.05086e+06,1.96079e+06,1.96386e+06,1.02257e+10,1.06955e+10,1.06787e+10
