length,ascii_cpu_time,hangul_cpu_time,random_cpu_time,ascii_bytes_per_sec,hangul_bytes_per_sec,random_bytes_per_sec
64,16668.4,15911.6,15915,,,
128,32030.6,30664.5,30636.4,,,
256,66661.3,64304.4,64028.4,,,
512,122959,122548,122319,,,
1024,257778,255238,257512,,,
2048,520587,493612,494147,,,
4096,1.03151e+06,1.03117e+06,1.02436e+06,,,
8192,2.05086e+06,1.96079e+06,1.96386e+06,,,
