length,ascii_cpu_time,hangul_cpu_time,random_cpu_time,ascii_bytes_per_sec,hangul_bytes_per_sec,random_bytes_per_sec
64,14178.1,14165.3,14184,1.15559e+10,1.15663e+10,1.15511e+10
128,27239.8,27266,27266.3,1.20294e+10,1.20179e+10,1.20178e+10
256,63080.6,63316.8,63296.1,1.03892e+10,1.03505e+10,1.03539e+10
512,124945,126169,125235,1.04904e+10,1.03886e+10,1.04661e+10
1024,250564,253554,253121,1.04621e+10,1.03388e+10,1.03565e+10
2048,515214,440347,440437,1.01761e+10,1.19063e+10,1.19038e+10
4096,1.01073e+06,1.02048e+06,1.02793e+06,1.03745e+10,1.02753e+10,1.02008e+10
8192,2.0276e+06,2.03277e+06,2.04548e+06,1.0343e+10,1.03167e+10,1.02526e+10
