length,ascii_cpu_time,hangul_cpu_time,random_cpu_time,ascii_bytes_per_sec,hangul_bytes_per_sec,random_bytes_per_sec
64,14178.1,14165.3,14184,,,
128,27239.8,27266,27266.3,,,
256,63080.6,63316.8,63296.1,,,
512,124945,126169,125235,,,
1024,250564,253554,253121,,,
2048,515214,440347,440437,,,
4096,1.01073e+06,1.02048e+06,1.02793e+06,,,
8192,2.0276e+06,2.03277e+06,2.04548e+06,,,
