length,scalar_cpu_time,sse_cpu_time,avx2_cpu_time,avx512_cpu_time,sse_speedup,avx2_speedup,avx512_speedup,scalar_bytes_per_sec,sse_bytes_per_sec,avx2_bytes_per_sec,avx512_bytes_per_sec
64,148307,29528,15915,14184,5.022588729341642,9.318693056864593,10.455936266215454,,,,
128,296472,58740.6,30636.4,27266.3,5.04713945720677,9.67711611024794,10.873202451377708,,,,
256,592429,117168,64028.4,63296.1,5.056235490919022,9.2525972849548,9.359644591056954,,,,
512,1.18485e+06,234106,122319,125235,5.061168872220276,9.686557280553307,9.46101329500539,,,,
1024,2.36956e+06,467637,257512,253121,5.0670926380932215,9.201745938053373,9.361372624159987,,,,
2048,4.74403e+06,939042,494147,440437,5.051989154904679,9.600442783220378,10.771188614943794,,,,
4096,9.48779e+06,1.87501e+06,1.02436e+06,1.02793e+06,5.060127679319043,9.262163692451873,9.229996205967332,,,,
8192,1.89785e+07,3.74641e+06,1.96386e+06,2.04548e+06,5.065782976235917,9.663876243724095,9.278262314957859,,,,
