length,scalar_cpu_time,sse_cpu_time,avx2_cpu_time,avx512_cpu_time,sse_speedup,avx2_speedup,avx512_speedup,scalar_bytes_per_sec,sse_bytes_per_sec,avx2_bytes_per_sec,avx512_bytes_per_sec
64,148307,29528,15915,14184,5.022588729341642,9.318693056864593,10.455936266215454,1.10474e+09,5.54863e+09,1.02947e+10,1.15511e+10
128,296472,58740.6,30636.4,27266.3,5.04713945720677,9.67711611024794,10.873202451377708,1.10526e+09,5.57843e+09,1.06958e+10,1.20178e+10
256,592429,117168,64028.4,63296.1,5.056235490919022,9.2525972849548,9.359644591056954,1.10622e+09,5.59331e+09,1.02355e+10,1.03539e+10
512,1.18485e+06,234106,122319,125235,5.061168872220276,9.686557280553307,9.46101329500539,1.10623e+09,5.59882e+09,1.07156e+10,1.04661e+10
1024,2.36956e+06,467637,257512,253121,5.0670926380932215,9.201745938053373,9.361372624159987,1.1063e+09,5.60571e+09,1.01799e+10,1.03565e+10
2048,4.74403e+06,939042,494147,440437,5.051989154904679,9.600442783220378,10.771188614943794,1.10515e+09,5.58322e+09,1.061e+10,1.19038e+10
4096,9.48779e+06,1.87501e+06,1.02436e+06,1.02793e+06,5.060127679319043,9.262163692451873,9.229996205967332,1.10518e+09,5.59239e+09,1.02364e+10,1.02008e+10
8192,1.89785e+07,3.74641e+06,1.96386e+06,2.04548e+06,5.065782976235917,9.663876243724095,9.278262314957859,1.10502e+09,5.59776e+09,1.06787e+10,1.02526e+10
