length,ascii_cpu_time,hangul_cpu_time,random_cpu_time,ascii_bytes_per_sec,hangul_bytes_per_sec,random_bytes_per_sec
64,55586.4,148235,148307,2.94748e+09,1.10527e+09,1.10474e+09
128,111119,296146,296472,2.9489e+09,1.10648e+09,1.10526e+09
256,222194,592127,592429,2.94949e+09,1.10679e+09,1.10622e+09
512,444914,1.18556e+06,1.18485e+06,2.94601e+09,1.10557e+09,1.10623e+09
1024,888731,2.36922e+06,2.36956e+06,2.94965e+09,1.10646e+09,1.1063e+09
2048,1.7824e+06,4.74325e+06,4.74403e+06,2.94146e+09,1.10533e+09,1.10515e+09
4096,3.56085e+06,9.48737e+06,9.48779e+06,2.94473e+09,1.10523e+09,1.10518e+09
8192,7.12153e+06,1.89748e+07,1.89785e+07,2.94481e+09,1.10523e+09,1.10502e+09
