length,ascii_cpu_time,hangul_cpu_time,random_cpu_time,ascii_bytes_per_sec,hangul_bytes_per_sec,random_bytes_per_sec
64,55586.4,148235,148307,,,
128,111119,296146,296472,,,
256,222194,592127,592429,,,
512,444914,1.18556e+06,1.18485e+06,,,
1024,888731,2.36922e+06,2.36956e+06,,,
2048,1.7824e+06,4.74325e+06,4.74403e+06,,,
4096,3.56085e+06,9.48737e+06,9.48779e+06,,,
8192,7.12153e+06,1.89748e+07,1.89785e+07,,,
