length,ascii_cpu_time,hangul_cpu_time,random_cpu_time,ascii_bytes_per_sec,hangul_bytes_per_sec,random_bytes_per_sec
64,29545.2,29557.1,29528,,,
128,58710.1,58687.4,58740.6,,,
256,117207,117165,117168,,,
512,233854,234067,234106,,,
1024,467937,467748,467637,,,
2048,937171,938289,939042,,,
4096,1.87503e+06,1.8753e+06,1.87501e+06,,,
8192,3.7478e+06,3.74821e+06,3.74641e+06,,,
