length,ascii_cpu_time,hangul_cpu_time,random_cpu_time,ascii_bytes_per_sec,hangul_bytes_per_sec,random_bytes_per_sec
64,29545.2,29557.1,29528,5.5454e+09,5.54316e+09,5.54863e+09
128,58710.1,58687.4,58740.6,5.58132e+09,5.58348e+09,5.57843e+09
256,117207,117165,117168,5.59146e+09,5.59347e+09,5.59331e+09
512,233854,234067,234106,5.60486e+09,5.59975e+09,5.59882e+09
1024,467937,467748,467637,5.60212e+09,5.60439e+09,5.60571e+09
2048,937171,938289,939042,5.59437e+09,5.5877e+09,5.58322e+09
4096,1.87503e+06,1.8753e+06,1.87501e+06,5.59231e+09,5.59151e+09,5.59239e+09
8192,3.7478e+06,3.74821e+06,3.74641e+06,5.59568e+09,5.59507e+09,5.59776e+09
